SKU,productName,productName2,brandId,price,salePrice,size,productImage,quantity,description
162054c,Chuck 70,Chuck 70,62bc6760e27b9d2c8072bdc3,1950000,1590000,35,convers-sun.jpg,50,
162054c,Chuck 70,Chuck 70,62bc6760e27b9d2c8072bdc3,1950000,1590000,36,convers-sun.jpg,50,
162054c,Chuck 70,Chuck 70,62bc6760e27b9d2c8072bdc3,1950000,1590000,37,convers-sun.jpg,50,
162054c,Chuck 70,Chuck 70,62bc6760e27b9d2c8072bdc3,1950000,1590000,37.5,convers-sun.jpg,50,
162054c,Chuck 70,Chuck 70,62bc6760e27b9d2c8072bdc3,1950000,1590000,39.5,convers-sun.jpg,50,
162054c,Chuck 70,Chuck 70,62bc6760e27b9d2c8072bdc3,1950000,1590000,40,convers-sun.jpg,50,
162054c,Chuck 70,Chuck 70,62bc6760e27b9d2c8072bdc3,1950000,1590000,41,convers-sun.jpg,50,
162054c,Chuck 70,Chuck 70,62bc6760e27b9d2c8072bdc3,1950000,1590000,42,convers-sun.jpg,50,
162054c,Chuck 70,Chuck 70,62bc6760e27b9d2c8072bdc3,1950000,1590000,43,convers-sun.jpg,50,
169880C,Converse Chuck Taylor All-Star 70s Hi Offspring Paisley,Converse Chuck Taylor All-Star 70s Hi Offspring Paisley,62bc6760e27b9d2c8072bdc3,2790000,,35,1514275-2-500.jpg,50,
169880C,Converse Chuck Taylor All-Star 70s Hi Offspring Paisley,Converse Chuck Taylor All-Star 70s Hi Offspring Paisley,62bc6760e27b9d2c8072bdc3,2790000,,36,1514275-2-500.jpg,50,
169880C,Converse Chuck Taylor All-Star 70s Hi Offspring Paisley,Converse Chuck Taylor All-Star 70s Hi Offspring Paisley,62bc6760e27b9d2c8072bdc3,2790000,,36.5,1514275-2-500.jpg,50,
169880C,Converse Chuck Taylor All-Star 70s Hi Offspring Paisley,Converse Chuck Taylor All-Star 70s Hi Offspring Paisley,62bc6760e27b9d2c8072bdc3,2790000,,37,1514275-2-500.jpg,50,
169880C,Converse Chuck Taylor All-Star 70s Hi Offspring Paisley,Converse Chuck Taylor All-Star 70s Hi Offspring Paisley,62bc6760e27b9d2c8072bdc3,2790000,,37.5,1514275-2-500.jpg,50,
169880C,Converse Chuck Taylor All-Star 70s Hi Offspring Paisley,Converse Chuck Taylor All-Star 70s Hi Offspring Paisley,62bc6760e27b9d2c8072bdc3,2790000,,38,1514275-2-500.jpg,50,
169880C,Converse Chuck Taylor All-Star 70s Hi Offspring Paisley,Converse Chuck Taylor All-Star 70s Hi Offspring Paisley,62bc6760e27b9d2c8072bdc3,2790000,,39,1514275-2-500.jpg,50,
169880C,Converse Chuck Taylor All-Star 70s Hi Offspring Paisley,Converse Chuck Taylor All-Star 70s Hi Offspring Paisley,62bc6760e27b9d2c8072bdc3,2790000,,39.5,1514275-2-500.jpg,50,
169880C,Converse Chuck Taylor All-Star 70s Hi Offspring Paisley,Converse Chuck Taylor All-Star 70s Hi Offspring Paisley,62bc6760e27b9d2c8072bdc3,2790000,,40,1514275-2-500.jpg,50,
169880C,Converse Chuck Taylor All-Star 70s Hi Offspring Paisley,Converse Chuck Taylor All-Star 70s Hi Offspring Paisley,62bc6760e27b9d2c8072bdc3,2790000,,41,1514275-2-500.jpg,50,
169880C,Converse Chuck Taylor All-Star 70s Hi Offspring Paisley,Converse Chuck Taylor All-Star 70s Hi Offspring Paisley,62bc6760e27b9d2c8072bdc3,2790000,,41.5,1514275-2-500.jpg,50,
169880C,Converse Chuck Taylor All-Star 70s Hi Offspring Paisley,Converse Chuck Taylor All-Star 70s Hi Offspring Paisley,62bc6760e27b9d2c8072bdc3,2790000,,42,1514275-2-500.jpg,50,
169880C,Converse Chuck Taylor All-Star 70s Hi Offspring Paisley,Converse Chuck Taylor All-Star 70s Hi Offspring Paisley,62bc6760e27b9d2c8072bdc3,2790000,,42.5,1514275-2-500.jpg,50,
169880C,Converse Chuck Taylor All-Star 70s Hi Offspring Paisley,Converse Chuck Taylor All-Star 70s Hi Offspring Paisley,62bc6760e27b9d2c8072bdc3,2790000,,43,1514275-2-500.jpg,50,
169880C,Converse Chuck Taylor All-Star 70s Hi Offspring Paisley,Converse Chuck Taylor All-Star 70s Hi Offspring Paisley,62bc6760e27b9d2c8072bdc3,2790000,,44,1514275-2-500.jpg,50,
169880C,Converse Chuck Taylor All-Star 70s Hi Offspring Paisley,Converse Chuck Taylor All-Star 70s Hi Offspring Paisley,62bc6760e27b9d2c8072bdc3,2790000,,44.5,1514275-2-500.jpg,50,
169880C,Converse Chuck Taylor All-Star 70s Hi Offspring Paisley,Converse Chuck Taylor All-Star 70s Hi Offspring Paisley,62bc6760e27b9d2c8072bdc3,2790000,,45,1514275-2-500.jpg,50,
FS1SIA3104XMT,Fila Ray,Fila Ray,62bc6784e27b9d2c8072bdc5,1850000,,220,filla-ray-tape-whitered-fs1sia3104x-wrd-1-png-v-1541929701207.jpg,50,
FS1SIA3104XMT,Fila Ray,Fila Ray,62bc6784e27b9d2c8072bdc5,1850000,,230,filla-ray-tape-whitered-fs1sia3104x-wrd-1-png-v-1541929701207.jpg,50,
FS1SIA3104XMT,Fila Ray,Fila Ray,62bc6784e27b9d2c8072bdc5,1850000,,240,filla-ray-tape-whitered-fs1sia3104x-wrd-1-png-v-1541929701207.jpg,50,
FS1SIA3104XMT,Fila Ray,Fila Ray,62bc6784e27b9d2c8072bdc5,1850000,,250,filla-ray-tape-whitered-fs1sia3104x-wrd-1-png-v-1541929701207.jpg,50,
FS1SIA3104XMT,Fila Ray,Fila Ray,62bc6784e27b9d2c8072bdc5,1850000,,260,filla-ray-tape-whitered-fs1sia3104x-wrd-1-png-v-1541929701207.jpg,50,
FS1SIA3104XMT,Fila Ray,Fila Ray,62bc6784e27b9d2c8072bdc5,1850000,,270,filla-ray-tape-whitered-fs1sia3104x-wrd-1-png-v-1541929701207.jpg,50,
FS1HTA1071XMT,Disruptor II - Trắng,Disruptor II - Trang,62bc6784e27b9d2c8072bdc5,1950000,,220,fila-heritage-disruptor-ii-white-fs1hta1071x-1-png-v-1518625367713.jpg,50,
FS1HTA1071XMT,Disruptor II - Trắng,Disruptor II - Trang,62bc6784e27b9d2c8072bdc5,1950000,,225,fila-heritage-disruptor-ii-white-fs1hta1071x-1-png-v-1518625367713.jpg,50,
FS1HTA1071XMT,Disruptor II - Trắng,Disruptor II - Trang,62bc6784e27b9d2c8072bdc5,1950000,,230,fila-heritage-disruptor-ii-white-fs1hta1071x-1-png-v-1518625367713.jpg,50,
FS1HTA1071XMT,Disruptor II - Trắng,Disruptor II - Trang,62bc6784e27b9d2c8072bdc5,1950000,,235,fila-heritage-disruptor-ii-white-fs1hta1071x-1-png-v-1518625367713.jpg,50,
FS1HTA1071XMT,Disruptor II - Trắng,Disruptor II - Trang,62bc6784e27b9d2c8072bdc5,1950000,,240,fila-heritage-disruptor-ii-white-fs1hta1071x-1-png-v-1518625367713.jpg,50,
FS1HTA1071XMT,Disruptor II - Trắng,Disruptor II - Trang,62bc6784e27b9d2c8072bdc5,1950000,,245,fila-heritage-disruptor-ii-white-fs1hta1071x-1-png-v-1518625367713.jpg,50,
FS1HTA1071XMT,Disruptor II - Trắng,Disruptor II - Trang,62bc6784e27b9d2c8072bdc5,1950000,,250,fila-heritage-disruptor-ii-white-fs1hta1071x-1-png-v-1518625367713.jpg,50,
FS1HTA1071XMT,Disruptor II - Trắng,Disruptor II - Trang,62bc6784e27b9d2c8072bdc5,1950000,,255,fila-heritage-disruptor-ii-white-fs1hta1071x-1-png-v-1518625367713.jpg,50,
FS1HTA1071XMT,Disruptor II - Trắng,Disruptor II - Trang,62bc6784e27b9d2c8072bdc5,1950000,,260,fila-heritage-disruptor-ii-white-fs1hta1071x-1-png-v-1518625367713.jpg,50,
FS1HTA1071XMT,Disruptor II - Trắng,Disruptor II - Trang,62bc6784e27b9d2c8072bdc5,1950000,,265,fila-heritage-disruptor-ii-white-fs1hta1071x-1-png-v-1518625367713.jpg,50,
FS1HTA1071XMT,Disruptor II - Trắng,Disruptor II - Trang,62bc6784e27b9d2c8072bdc5,1950000,,270,fila-heritage-disruptor-ii-white-fs1hta1071x-1-png-v-1518625367713.jpg,50,
FS1HTA1071XMT,Disruptor II - Trắng,Disruptor II - Trang,62bc6784e27b9d2c8072bdc5,1950000,,275,fila-heritage-disruptor-ii-white-fs1hta1071x-1-png-v-1518625367713.jpg,50,
FS1HTA1071XMT,Disruptor II - Trắng,Disruptor II - Trang,62bc6784e27b9d2c8072bdc5,1950000,,280,fila-heritage-disruptor-ii-white-fs1hta1071x-1-png-v-1518625367713.jpg,50,
FS1HTA3031XMTX,Fila Venom 94 - Trắng/Đỏ,Fila Venom 94 - Trang/Do,62bc6784e27b9d2c8072bdc5,1950000,1150000,230,fila-filanom-94-white-and-red-fs1hta3031x-1-png-v-1525853203090.jpg,50,
FS1HTA3031XMTX,Fila Venom 94 - Trắng/Đỏ,Fila Venom 94 - Trang/Do,62bc6784e27b9d2c8072bdc5,1950000,1150000,220,fila-filanom-94-white-and-red-fs1hta3031x-1-png-v-1525853203090.jpg,50,
FS1HTA3031XMTX,Fila Venom 94 - Trắng/Đỏ,Fila Venom 94 - Trang/Do,62bc6784e27b9d2c8072bdc5,1950000,1150000,250,fila-filanom-94-white-and-red-fs1hta3031x-1-png-v-1525853203090.jpg,50,
FS1HTA3031XMTX,Fila Venom 94 - Trắng/Đỏ,Fila Venom 94 - Trang/Do,62bc6784e27b9d2c8072bdc5,1950000,1150000,270,fila-filanom-94-white-and-red-fs1hta3031x-1-png-v-1525853203090.jpg,50,
FS1HTA3031XMTX,Fila Venom 94 - Trắng/Đỏ,Fila Venom 94 - Trang/Do,62bc6784e27b9d2c8072bdc5,1950000,1150000,280,fila-filanom-94-white-and-red-fs1hta3031x-1-png-v-1525853203090.jpg,50,
1RM01153-926,Fila Ray Tracer,Fila Ray Tracer,62bc6784e27b9d2c8072bdc5,2200000,1290000,220,fila-ray-tracer-white-blue-red-1rm01153-926-1-jpg-v-1577423851180.jpg,50,
1RM01153-926,Fila Ray Tracer,Fila Ray Tracer,62bc6784e27b9d2c8072bdc5,2200000,1290000,225,fila-ray-tracer-white-blue-red-1rm01153-926-1-jpg-v-1577423851180.jpg,50,
1RM01153-926,Fila Ray Tracer,Fila Ray Tracer,62bc6784e27b9d2c8072bdc5,2200000,1290000,230,fila-ray-tracer-white-blue-red-1rm01153-926-1-jpg-v-1577423851180.jpg,50,
1RM01153-926,Fila Ray Tracer,Fila Ray Tracer,62bc6784e27b9d2c8072bdc5,2200000,1290000,235,fila-ray-tracer-white-blue-red-1rm01153-926-1-jpg-v-1577423851180.jpg,50,
1RM01153-926,Fila Ray Tracer,Fila Ray Tracer,62bc6784e27b9d2c8072bdc5,2200000,1290000,240,fila-ray-tracer-white-blue-red-1rm01153-926-1-jpg-v-1577423851180.jpg,50,
1RM01153-926,Fila Ray Tracer,Fila Ray Tracer,62bc6784e27b9d2c8072bdc5,2200000,1290000,245,fila-ray-tracer-white-blue-red-1rm01153-926-1-jpg-v-1577423851180.jpg,50,
1RM01153-926,Fila Ray Tracer,Fila Ray Tracer,62bc6784e27b9d2c8072bdc5,2200000,1290000,250,fila-ray-tracer-white-blue-red-1rm01153-926-1-jpg-v-1577423851180.jpg,50,
1RM01153-926,Fila Ray Tracer,Fila Ray Tracer,62bc6784e27b9d2c8072bdc5,2200000,1290000,255,fila-ray-tracer-white-blue-red-1rm01153-926-1-jpg-v-1577423851180.jpg,50,
1RM01153-926,Fila Ray Tracer,Fila Ray Tracer,62bc6784e27b9d2c8072bdc5,2200000,1290000,260,fila-ray-tracer-white-blue-red-1rm01153-926-1-jpg-v-1577423851180.jpg,50,
1RM01153-926,Fila Ray Tracer,Fila Ray Tracer,62bc6784e27b9d2c8072bdc5,2200000,1290000,265,fila-ray-tracer-white-blue-red-1rm01153-926-1-jpg-v-1577423851180.jpg,50,
1RM01153-926,Fila Ray Tracer,Fila Ray Tracer,62bc6784e27b9d2c8072bdc5,2200000,1290000,270,fila-ray-tracer-white-blue-red-1rm01153-926-1-jpg-v-1577423851180.jpg,50,
1RM01153-926,Fila Ray Tracer,Fila Ray Tracer,62bc6784e27b9d2c8072bdc5,2200000,1290000,275,fila-ray-tracer-white-blue-red-1rm01153-926-1-jpg-v-1577423851180.jpg,50,
1RM01153-926,Fila Ray Tracer,Fila Ray Tracer,62bc6784e27b9d2c8072bdc5,2200000,1290000,280,fila-ray-tracer-white-blue-red-1rm01153-926-1-jpg-v-1577423851180.jpg,50,
1JM00790 -920,FILA Interlation,FILA Interlation,62bc6784e27b9d2c8072bdc5,2150000,,220,fila-interlation-off-white-1jm00790-920-2-jpg-v-1575865944813.jpg,50,
1JM00790 -920,FILA Interlation,FILA Interlation,62bc6784e27b9d2c8072bdc5,2150000,,230,fila-interlation-off-white-1jm00790-920-2-jpg-v-1575865944813.jpg,50,
1JM00790 -920,FILA Interlation,FILA Interlation,62bc6784e27b9d2c8072bdc5,2150000,,240,fila-interlation-off-white-1jm00790-920-2-jpg-v-1575865944813.jpg,50,
1JM00790 -920,FILA Interlation,FILA Interlation,62bc6784e27b9d2c8072bdc5,2150000,,250,fila-interlation-off-white-1jm00790-920-2-jpg-v-1575865944813.jpg,50,
1JM00790 -920,FILA Interlation,FILA Interlation,62bc6784e27b9d2c8072bdc5,2150000,,260,fila-interlation-off-white-1jm00790-920-2-jpg-v-1575865944813.jpg,50,
1JM00790 -920,FILA Interlation,FILA Interlation,62bc6784e27b9d2c8072bdc5,2150000,,270,fila-interlation-off-white-1jm00790-920-2-jpg-v-1575865944813.jpg,50,
1JM00790 -920,FILA Interlation,FILA Interlation,62bc6784e27b9d2c8072bdc5,2150000,,280,fila-interlation-off-white-1jm00790-920-2-jpg-v-1575865944813.jpg,50,
CN7067,Aztrek,Aztrek,62bc67b4e27b9d2c8072bdc7,2350000,1350000,34,reebok-aztrek-white-cn7067-01-standard.jpg,50,
CN7067,Aztrek,Aztrek,62bc67b4e27b9d2c8072bdc7,2350000,1350000,34.5,reebok-aztrek-white-cn7067-01-standard.jpg,50,
CN7067,Aztrek,Aztrek,62bc67b4e27b9d2c8072bdc7,2350000,1350000,36,reebok-aztrek-white-cn7067-01-standard.jpg,50,
CN7067,Aztrek,Aztrek,62bc67b4e27b9d2c8072bdc7,2350000,1350000,39,reebok-aztrek-white-cn7067-01-standard.jpg,50,
CN7067,Aztrek,Aztrek,62bc67b4e27b9d2c8072bdc7,2350000,1350000,40,reebok-aztrek-white-cn7067-01-standard.jpg,50,
CN7067,Aztrek,Aztrek,62bc67b4e27b9d2c8072bdc7,2350000,1350000,40.5,reebok-aztrek-white-cn7067-01-standard.jpg,50,
CN7067,Aztrek,Aztrek,62bc67b4e27b9d2c8072bdc7,2350000,1350000,41,reebok-aztrek-white-cn7067-01-standard.jpg,50,
CN7067,Aztrek,Aztrek,62bc67b4e27b9d2c8072bdc7,2350000,1350000,42,reebok-aztrek-white-cn7067-01-standard.jpg,50,
CN7187,Aztrek,Aztrek,62bc67b4e27b9d2c8072bdc7,2450000,,34,reebok-aztrek-white-cn7187-01-standard.jpg,50,
CN7187,Aztrek,Aztrek,62bc67b4e27b9d2c8072bdc7,2450000,,34.5,reebok-aztrek-white-cn7187-01-standard.jpg,50,
CN7187,Aztrek,Aztrek,62bc67b4e27b9d2c8072bdc7,2450000,,36,reebok-aztrek-white-cn7187-01-standard.jpg,50,
CN7187,Aztrek,Aztrek,62bc67b4e27b9d2c8072bdc7,2450000,,37.5,reebok-aztrek-white-cn7187-01-standard.jpg,50,
CN7187,Aztrek,Aztrek,62bc67b4e27b9d2c8072bdc7,2450000,,38.5,reebok-aztrek-white-cn7187-01-standard.jpg,50,
CN7187,Aztrek,Aztrek,62bc67b4e27b9d2c8072bdc7,2450000,,39,reebok-aztrek-white-cn7187-01-standard.jpg,50,
CN7187,Aztrek,Aztrek,62bc67b4e27b9d2c8072bdc7,2450000,,40,reebok-aztrek-white-cn7187-01-standard.jpg,50,
CN7187,Aztrek,Aztrek,62bc67b4e27b9d2c8072bdc7,2450000,,40.5,reebok-aztrek-white-cn7187-01-standard.jpg,50,
CN7187,Aztrek,Aztrek,62bc67b4e27b9d2c8072bdc7,2450000,,41,reebok-aztrek-white-cn7187-01-standard.jpg,50,
CN7187,Aztrek,Aztrek,62bc67b4e27b9d2c8072bdc7,2450000,,42,reebok-aztrek-white-cn7187-01-standard.jpg,50,
CN7187,Aztrek,Aztrek,62bc67b4e27b9d2c8072bdc7,2450000,,42.5,reebok-aztrek-white-cn7187-01-standard.jpg,50,
CN7187,Aztrek,Aztrek,62bc67b4e27b9d2c8072bdc7,2450000,,43,reebok-aztrek-white-cn7187-01-standard.jpg,50,
CN7187,Aztrek,Aztrek,62bc67b4e27b9d2c8072bdc7,2450000,,44,reebok-aztrek-white-cn7187-01-standard.jpg,50,
CN7188,Aztrek,Aztrek,62bc67b4e27b9d2c8072bdc7,2350000,,37.5,reebok-aztrek-black-cn7188-01-standard.jpg,50,
CN7188,Aztrek,Aztrek,62bc67b4e27b9d2c8072bdc7,2350000,,39,reebok-aztrek-black-cn7188-01-standard.jpg,50,
CN7188,Aztrek,Aztrek,62bc67b4e27b9d2c8072bdc7,2350000,,40,reebok-aztrek-black-cn7188-01-standard.jpg,50,
CN7188,Aztrek,Aztrek,62bc67b4e27b9d2c8072bdc7,2350000,,41,reebok-aztrek-black-cn7188-01-standard.jpg,50,
CN7188,Aztrek,Aztrek,62bc67b4e27b9d2c8072bdc7,2350000,,42.5,reebok-aztrek-black-cn7188-01-standard.jpg,50,
CN7188,Aztrek,Aztrek,62bc67b4e27b9d2c8072bdc7,2350000,,44,reebok-aztrek-black-cn7188-01-standard.jpg,50,
CN0213,Classic Slide,Classic Slide,62bc67b4e27b9d2c8072bdc7,850000,399000,34.5,reebok-classic-slide-white-cn0213-01-standard.jpg,50,
CN0213,Classic Slide,Classic Slide,62bc67b4e27b9d2c8072bdc7,850000,,37.5,reebok-classic-slide-white-cn0213-01-standard.jpg,50,
CN0213,Classic Slide,Classic Slide,62bc67b4e27b9d2c8072bdc7,850000,,39,reebok-classic-slide-white-cn0213-01-standard.jpg,50,
CN0213,Classic Slide,Classic Slide,62bc67b4e27b9d2c8072bdc7,850000,,40,reebok-classic-slide-white-cn0213-01-standard.jpg,50,
CN0213,Classic Slide,Classic Slide,62bc67b4e27b9d2c8072bdc7,850000,,42,reebok-classic-slide-white-cn0213-01-standard.jpg,50,
CN0213,Classic Slide,Classic Slide,62bc67b4e27b9d2c8072bdc7,850000,,43,reebok-classic-slide-white-cn0213-01-standard.jpg,50,
2232,Beyaz Classic Leather,Beyaz Classic Leather,62bc67b4e27b9d2c8072bdc7,1850000,,35,2232-classic-leather-ayakkabi-636513660169398566.jpg,50,
2232,Beyaz Classic Leather,Beyaz Classic Leather,62bc67b4e27b9d2c8072bdc7,1850000,,35.5,2232-classic-leather-ayakkabi-636513660169398566.jpg,50,
2232,Beyaz Classic Leather,Beyaz Classic Leather,62bc67b4e27b9d2c8072bdc7,1850000,,36,2232-classic-leather-ayakkabi-636513660169398566.jpg,50,
2232,Beyaz Classic Leather,Beyaz Classic Leather,62bc67b4e27b9d2c8072bdc7,1850000,,37,2232-classic-leather-ayakkabi-636513660169398566.jpg,50,
2232,Beyaz Classic Leather,Beyaz Classic Leather,62bc67b4e27b9d2c8072bdc7,1850000,,37.5,2232-classic-leather-ayakkabi-636513660169398566.jpg,50,
2232,Beyaz Classic Leather,Beyaz Classic Leather,62bc67b4e27b9d2c8072bdc7,1850000,,38,2232-classic-leather-ayakkabi-636513660169398566.jpg,50,
2232,Beyaz Classic Leather,Beyaz Classic Leather,62bc67b4e27b9d2c8072bdc7,1850000,,38.5,2232-classic-leather-ayakkabi-636513660169398566.jpg,50,
2232,Beyaz Classic Leather,Beyaz Classic Leather,62bc67b4e27b9d2c8072bdc7,1850000,,39,2232-classic-leather-ayakkabi-636513660169398566.jpg,50,
2232,Beyaz Classic Leather,Beyaz Classic Leather,62bc67b4e27b9d2c8072bdc7,1850000,,40,2232-classic-leather-ayakkabi-636513660169398566.jpg,50,
2232,Beyaz Classic Leather,Beyaz Classic Leather,62bc67b4e27b9d2c8072bdc7,1850000,,40.5,2232-classic-leather-ayakkabi-636513660169398566.jpg,50,
2232,Beyaz Classic Leather,Beyaz Classic Leather,62bc67b4e27b9d2c8072bdc7,1850000,,41,2232-classic-leather-ayakkabi-636513660169398566.jpg,50,
AR0624,Instapump Fury Tech,Instapump Fury Tech,62bc67b4e27b9d2c8072bdc7,1950000,,40.5,ar0624-01.jpg,50,
AR0624,Instapump Fury Tech,Instapump Fury Tech,62bc67b4e27b9d2c8072bdc7,1950000,,34.5,ar0624-01.jpg,50,
AR0624,Instapump Fury Tech,Instapump Fury Tech,62bc67b4e27b9d2c8072bdc7,1950000,,33,ar0624-01.jpg,50,
AR0624,Instapump Fury Tech,Instapump Fury Tech,62bc67b4e27b9d2c8072bdc7,1950000,,36,ar0624-01.jpg,50,
EH3463,Reebok Royal Turbo,Reebok Royal Turbo,62bc67b4e27b9d2c8072bdc7,1290000,2450000,34.5,org.jpg,50,
EH3463,Reebok Royal Turbo,Reebok Royal Turbo,62bc67b4e27b9d2c8072bdc7,1290000,2450000,36,org.jpg,50,
EH3463,Reebok Royal Turbo,Reebok Royal Turbo,62bc67b4e27b9d2c8072bdc7,1290000,2450000,37.5,org.jpg,50,
EH3463,Reebok Royal Turbo,Reebok Royal Turbo,62bc67b4e27b9d2c8072bdc7,1290000,2450000,38.5,org.jpg,50,
EH3463,Reebok Royal Turbo,Reebok Royal Turbo,62bc67b4e27b9d2c8072bdc7,1290000,2450000,39,org.jpg,50,
EH3463,Reebok Royal Turbo,Reebok Royal Turbo,62bc67b4e27b9d2c8072bdc7,1290000,2450000,40,org.jpg,50,
EH3463,Reebok Royal Turbo,Reebok Royal Turbo,62bc67b4e27b9d2c8072bdc7,1290000,2450000,40.5,org.jpg,50,
EH3463,Reebok Royal Turbo,Reebok Royal Turbo,62bc67b4e27b9d2c8072bdc7,1290000,2450000,41,org.jpg,50,
EH3463,Reebok Royal Turbo,Reebok Royal Turbo,62bc67b4e27b9d2c8072bdc7,1290000,2450000,42,org.jpg,50,
EH3463,Reebok Royal Turbo,Reebok Royal Turbo,62bc67b4e27b9d2c8072bdc7,1290000,2450000,42.5,org.jpg,50,
EH3463,Reebok Royal Turbo,Reebok Royal Turbo,62bc67b4e27b9d2c8072bdc7,1290000,2450000,43,org.jpg,50,
EH3463,Reebok Royal Turbo,Reebok Royal Turbo,62bc67b4e27b9d2c8072bdc7,1290000,2450000,44,org.jpg,50,
CN6861,Reebok Club C 85 Starcrest,Reebok Club C 85 Starcrest,62bc67b4e27b9d2c8072bdc7,1950000,1590000,39,15541770370667281-550x550.jpg,50,
CN6861,Reebok Club C 85 Starcrest,Reebok Club C 85 Starcrest,62bc67b4e27b9d2c8072bdc7,1950000,1590000,40,15541770370667281-550x550.jpg,50,
CN6861,Reebok Club C 85 Starcrest,Reebok Club C 85 Starcrest,62bc67b4e27b9d2c8072bdc7,1950000,1590000,40.5,15541770370667281-550x550.jpg,50,
CN6861,Reebok Club C 85 Starcrest,Reebok Club C 85 Starcrest,62bc67b4e27b9d2c8072bdc7,1950000,1590000,41,15541770370667281-550x550.jpg,50,
CN6861,Reebok Club C 85 Starcrest,Reebok Club C 85 Starcrest,62bc67b4e27b9d2c8072bdc7,1950000,1590000,42,15541770370667281-550x550.jpg,50,
CN6861,Reebok Club C 85 Starcrest,Reebok Club C 85 Starcrest,62bc67b4e27b9d2c8072bdc7,1950000,1590000,42.5,15541770370667281-550x550.jpg,50,
CN6861,Reebok Club C 85 Starcrest,Reebok Club C 85 Starcrest,62bc67b4e27b9d2c8072bdc7,1950000,1590000,43,15541770370667281-550x550.jpg,50,
FW1879,Reebok Interval – Royal,Reebok Interval – Royal,62bc67b4e27b9d2c8072bdc7,1950000,1290000,38.5,fw1879-smc-ecom-9.jpg,50,
FW1879,Reebok Interval – Royal,Reebok Interval – Royal,62bc67b4e27b9d2c8072bdc7,1950000,1290000,39,fw1879-smc-ecom-9.jpg,50,
FW1879,Reebok Interval – Royal,Reebok Interval – Royal,62bc67b4e27b9d2c8072bdc7,1950000,1290000,40,fw1879-smc-ecom-9.jpg,50,
FW1879,Reebok Interval – Royal,Reebok Interval – Royal,62bc67b4e27b9d2c8072bdc7,1950000,1290000,40.5,fw1879-smc-ecom-9.jpg,50,
FW1879,Reebok Interval – Royal,Reebok Interval – Royal,62bc67b4e27b9d2c8072bdc7,1950000,1290000,41,fw1879-smc-ecom-9.jpg,50,
FY2971,Reebok Zig Kinetica Concep,Reebok Zig Kinetica Concep,62bc67b4e27b9d2c8072bdc7,2950000,2890000,33,angus-chiang-zig-kinetica-concept-type2-shoes-green-fy2971-01-standard.jpg,50,
FY2971,Reebok Zig Kinetica Concep,Reebok Zig Kinetica Concep,62bc67b4e27b9d2c8072bdc7,2950000,2890000,34,angus-chiang-zig-kinetica-concept-type2-shoes-green-fy2971-01-standard.jpg,50,
FY2971,Reebok Zig Kinetica Concep,Reebok Zig Kinetica Concep,62bc67b4e27b9d2c8072bdc7,2950000,2890000,34.5,angus-chiang-zig-kinetica-concept-type2-shoes-green-fy2971-01-standard.jpg,50,
FY2971,Reebok Zig Kinetica Concep,Reebok Zig Kinetica Concep,62bc67b4e27b9d2c8072bdc7,2950000,2890000,36,angus-chiang-zig-kinetica-concept-type2-shoes-green-fy2971-01-standard.jpg,50,
FY2971,Reebok Zig Kinetica Concep,Reebok Zig Kinetica Concep,62bc67b4e27b9d2c8072bdc7,2950000,2890000,37.5,angus-chiang-zig-kinetica-concept-type2-shoes-green-fy2971-01-standard.jpg,50,
FY2971,Reebok Zig Kinetica Concep,Reebok Zig Kinetica Concep,62bc67b4e27b9d2c8072bdc7,2950000,2890000,38.5,angus-chiang-zig-kinetica-concept-type2-shoes-green-fy2971-01-standard.jpg,50,
FY2971,Reebok Zig Kinetica Concep,Reebok Zig Kinetica Concep,62bc67b4e27b9d2c8072bdc7,2950000,2890000,39,angus-chiang-zig-kinetica-concept-type2-shoes-green-fy2971-01-standard.jpg,50,
FY2971,Reebok Zig Kinetica Concep,Reebok Zig Kinetica Concep,62bc67b4e27b9d2c8072bdc7,2950000,2890000,40,angus-chiang-zig-kinetica-concept-type2-shoes-green-fy2971-01-standard.jpg,50,
FY2971,Reebok Zig Kinetica Concep,Reebok Zig Kinetica Concep,62bc67b4e27b9d2c8072bdc7,2950000,2890000,40.5,angus-chiang-zig-kinetica-concept-type2-shoes-green-fy2971-01-standard.jpg,50,
FY2971,Reebok Zig Kinetica Concep,Reebok Zig Kinetica Concep,62bc67b4e27b9d2c8072bdc7,2950000,2890000,41,angus-chiang-zig-kinetica-concept-type2-shoes-green-fy2971-01-standard.jpg,50,
FY2971,Reebok Zig Kinetica Concep,Reebok Zig Kinetica Concep,62bc67b4e27b9d2c8072bdc7,2950000,2890000,42,angus-chiang-zig-kinetica-concept-type2-shoes-green-fy2971-01-standard.jpg,50,
FY2971,Reebok Zig Kinetica Concep,Reebok Zig Kinetica Concep,62bc67b4e27b9d2c8072bdc7,2950000,2890000,42.5,angus-chiang-zig-kinetica-concept-type2-shoes-green-fy2971-01-standard.jpg,50,
FY2971,Reebok Zig Kinetica Concep,Reebok Zig Kinetica Concep,62bc67b4e27b9d2c8072bdc7,2950000,2890000,43,angus-chiang-zig-kinetica-concept-type2-shoes-green-fy2971-01-standard.jpg,50,
FY2971,Reebok Zig Kinetica Concep,Reebok Zig Kinetica Concep,62bc67b4e27b9d2c8072bdc7,2950000,2890000,44,angus-chiang-zig-kinetica-concept-type2-shoes-green-fy2971-01-standard.jpg,50,
FX2937,Reebok Interval 96,Reebok Interval 96,62bc67b4e27b9d2c8072bdc7,2250000,,33,428.jpg,50,
FX2937,Reebok Interval 96,Reebok Interval 96,62bc67b4e27b9d2c8072bdc7,2250000,,34,428.jpg,50,
FX2937,Reebok Interval 96,Reebok Interval 96,62bc67b4e27b9d2c8072bdc7,2250000,,34.5,428.jpg,50,
FX2937,Reebok Interval 96,Reebok Interval 96,62bc67b4e27b9d2c8072bdc7,2250000,,36,428.jpg,50,
FX2937,Reebok Interval 96,Reebok Interval 96,62bc67b4e27b9d2c8072bdc7,2250000,,37.5,428.jpg,50,
FX2937,Reebok Interval 96,Reebok Interval 96,62bc67b4e27b9d2c8072bdc7,2250000,,38.5,428.jpg,50,
FX2937,Reebok Interval 96,Reebok Interval 96,62bc67b4e27b9d2c8072bdc7,2250000,,39,428.jpg,50,
FX2937,Reebok Interval 96,Reebok Interval 96,62bc67b4e27b9d2c8072bdc7,2250000,,40,428.jpg,50,
FX2937,Reebok Interval 96,Reebok Interval 96,62bc67b4e27b9d2c8072bdc7,2250000,,40.5,428.jpg,50,
FX2937,Reebok Interval 96,Reebok Interval 96,62bc67b4e27b9d2c8072bdc7,2250000,,41,428.jpg,50,
FX2937,Reebok Interval 96,Reebok Interval 96,62bc67b4e27b9d2c8072bdc7,2250000,,42,428.jpg,50,
FX2937,Reebok Interval 96,Reebok Interval 96,62bc67b4e27b9d2c8072bdc7,2250000,,42.5,428.jpg,50,
FX2937,Reebok Interval 96,Reebok Interval 96,62bc67b4e27b9d2c8072bdc7,2250000,,43,428.jpg,50,
FX3359,Reebok Club C,Reebok Club C,62bc67b4e27b9d2c8072bdc7,2450000,1290000,34,club-c-85-shoes-blue-fx3359-01-standard.jpg,50,
FX3359,Reebok Club C,Reebok Club C,62bc67b4e27b9d2c8072bdc7,2450000,1290000,34.5,club-c-85-shoes-blue-fx3359-01-standard.jpg,50,
FX3359,Reebok Club C,Reebok Club C,62bc67b4e27b9d2c8072bdc7,2450000,1290000,36,club-c-85-shoes-blue-fx3359-01-standard.jpg,50,
FX3359,Reebok Club C,Reebok Club C,62bc67b4e27b9d2c8072bdc7,2450000,1290000,37.5,club-c-85-shoes-blue-fx3359-01-standard.jpg,50,
FX3359,Reebok Club C,Reebok Club C,62bc67b4e27b9d2c8072bdc7,2450000,1290000,38.5,club-c-85-shoes-blue-fx3359-01-standard.jpg,50,
FX3359,Reebok Club C,Reebok Club C,62bc67b4e27b9d2c8072bdc7,2450000,1290000,39,club-c-85-shoes-blue-fx3359-01-standard.jpg,50,
FX3359,Reebok Club C,Reebok Club C,62bc67b4e27b9d2c8072bdc7,2450000,1290000,40,club-c-85-shoes-blue-fx3359-01-standard.jpg,50,
FX3359,Reebok Club C,Reebok Club C,62bc67b4e27b9d2c8072bdc7,2450000,1290000,40.5,club-c-85-shoes-blue-fx3359-01-standard.jpg,50,
FX3359,Reebok Club C,Reebok Club C,62bc67b4e27b9d2c8072bdc7,2450000,1290000,41,club-c-85-shoes-blue-fx3359-01-standard.jpg,50,
FX3359,Reebok Club C,Reebok Club C,62bc67b4e27b9d2c8072bdc7,2450000,1290000,42,club-c-85-shoes-blue-fx3359-01-standard.jpg,50,
FX3359,Reebok Club C,Reebok Club C,62bc67b4e27b9d2c8072bdc7,2450000,1290000,42.5,club-c-85-shoes-blue-fx3359-01-standard.jpg,50,
FX3359,Reebok Club C,Reebok Club C,62bc67b4e27b9d2c8072bdc7,2450000,1290000,43,club-c-85-shoes-blue-fx3359-01-standard.jpg,50,
FY2972,Reebok Zig Kinetica Concep,Reebok Zig Kinetica Concep,62bc67b4e27b9d2c8072bdc7,2950000,2890000,33,angus-chiang-zig-kinetica-concept-type2-shoes-white-fy2972-01-standard.jpg,50,
FY2972,Reebok Zig Kinetica Concep,Reebok Zig Kinetica Concep,62bc67b4e27b9d2c8072bdc7,2950000,2890000,34,angus-chiang-zig-kinetica-concept-type2-shoes-white-fy2972-01-standard.jpg,50,
FY2972,Reebok Zig Kinetica Concep,Reebok Zig Kinetica Concep,62bc67b4e27b9d2c8072bdc7,2950000,2890000,34.5,angus-chiang-zig-kinetica-concept-type2-shoes-white-fy2972-01-standard.jpg,50,
FY2972,Reebok Zig Kinetica Concep,Reebok Zig Kinetica Concep,62bc67b4e27b9d2c8072bdc7,2950000,2890000,36,angus-chiang-zig-kinetica-concept-type2-shoes-white-fy2972-01-standard.jpg,50,
FY2972,Reebok Zig Kinetica Concep,Reebok Zig Kinetica Concep,62bc67b4e27b9d2c8072bdc7,2950000,2890000,37.5,angus-chiang-zig-kinetica-concept-type2-shoes-white-fy2972-01-standard.jpg,50,
FY2972,Reebok Zig Kinetica Concep,Reebok Zig Kinetica Concep,62bc67b4e27b9d2c8072bdc7,2950000,2890000,38.5,angus-chiang-zig-kinetica-concept-type2-shoes-white-fy2972-01-standard.jpg,50,
FY2972,Reebok Zig Kinetica Concep,Reebok Zig Kinetica Concep,62bc67b4e27b9d2c8072bdc7,2950000,2890000,39,angus-chiang-zig-kinetica-concept-type2-shoes-white-fy2972-01-standard.jpg,50,
FY2972,Reebok Zig Kinetica Concep,Reebok Zig Kinetica Concep,62bc67b4e27b9d2c8072bdc7,2950000,2890000,40,angus-chiang-zig-kinetica-concept-type2-shoes-white-fy2972-01-standard.jpg,50,
FY2972,Reebok Zig Kinetica Concep,Reebok Zig Kinetica Concep,62bc67b4e27b9d2c8072bdc7,2950000,2890000,40.5,angus-chiang-zig-kinetica-concept-type2-shoes-white-fy2972-01-standard.jpg,50,
FY2972,Reebok Zig Kinetica Concep,Reebok Zig Kinetica Concep,62bc67b4e27b9d2c8072bdc7,2950000,2890000,41,angus-chiang-zig-kinetica-concept-type2-shoes-white-fy2972-01-standard.jpg,50,
FY2972,Reebok Zig Kinetica Concep,Reebok Zig Kinetica Concep,62bc67b4e27b9d2c8072bdc7,2950000,2890000,42,angus-chiang-zig-kinetica-concept-type2-shoes-white-fy2972-01-standard.jpg,50,
FY2972,Reebok Zig Kinetica Concep,Reebok Zig Kinetica Concep,62bc67b4e27b9d2c8072bdc7,2950000,2890000,42.5,angus-chiang-zig-kinetica-concept-type2-shoes-white-fy2972-01-standard.jpg,50,
FY2972,Reebok Zig Kinetica Concep,Reebok Zig Kinetica Concep,62bc67b4e27b9d2c8072bdc7,2950000,2890000,43,angus-chiang-zig-kinetica-concept-type2-shoes-white-fy2972-01-standard.jpg,50,
FY2972,Reebok Zig Kinetica Concep,Reebok Zig Kinetica Concep,62bc67b4e27b9d2c8072bdc7,2950000,2890000,44,angus-chiang-zig-kinetica-concept-type2-shoes-white-fy2972-01-standard.jpg,50,
FW5302,Reebok Zig Kinetica Horizon,Reebok Zig Kinetica Horizon,62bc67b4e27b9d2c8072bdc7,2990000,,33,zig-kinetica-horizon-shoes-grey-fw5302-01-standard.jpg,50,
FW5302,Reebok Zig Kinetica Horizon,Reebok Zig Kinetica Horizon,62bc67b4e27b9d2c8072bdc7,2990000,,34,zig-kinetica-horizon-shoes-grey-fw5302-01-standard.jpg,50,
FW5302,Reebok Zig Kinetica Horizon,Reebok Zig Kinetica Horizon,62bc67b4e27b9d2c8072bdc7,2990000,,34.5,zig-kinetica-horizon-shoes-grey-fw5302-01-standard.jpg,50,
FW5302,Reebok Zig Kinetica Horizon,Reebok Zig Kinetica Horizon,62bc67b4e27b9d2c8072bdc7,2990000,,36,zig-kinetica-horizon-shoes-grey-fw5302-01-standard.jpg,50,
FW5302,Reebok Zig Kinetica Horizon,Reebok Zig Kinetica Horizon,62bc67b4e27b9d2c8072bdc7,2990000,,37.5,zig-kinetica-horizon-shoes-grey-fw5302-01-standard.jpg,50,
FW5302,Reebok Zig Kinetica Horizon,Reebok Zig Kinetica Horizon,62bc67b4e27b9d2c8072bdc7,2990000,,38.5,zig-kinetica-horizon-shoes-grey-fw5302-01-standard.jpg,50,
FW5302,Reebok Zig Kinetica Horizon,Reebok Zig Kinetica Horizon,62bc67b4e27b9d2c8072bdc7,2990000,,39,zig-kinetica-horizon-shoes-grey-fw5302-01-standard.jpg,50,
FW5302,Reebok Zig Kinetica Horizon,Reebok Zig Kinetica Horizon,62bc67b4e27b9d2c8072bdc7,2990000,,40,zig-kinetica-horizon-shoes-grey-fw5302-01-standard.jpg,50,
FW5302,Reebok Zig Kinetica Horizon,Reebok Zig Kinetica Horizon,62bc67b4e27b9d2c8072bdc7,2990000,,40.5,zig-kinetica-horizon-shoes-grey-fw5302-01-standard.jpg,50,
FW5302,Reebok Zig Kinetica Horizon,Reebok Zig Kinetica Horizon,62bc67b4e27b9d2c8072bdc7,2990000,,41,zig-kinetica-horizon-shoes-grey-fw5302-01-standard.jpg,50,
FW5302,Reebok Zig Kinetica Horizon,Reebok Zig Kinetica Horizon,62bc67b4e27b9d2c8072bdc7,2990000,,42,zig-kinetica-horizon-shoes-grey-fw5302-01-standard.jpg,50,
FW5302,Reebok Zig Kinetica Horizon,Reebok Zig Kinetica Horizon,62bc67b4e27b9d2c8072bdc7,2990000,,42.5,zig-kinetica-horizon-shoes-grey-fw5302-01-standard.jpg,50,
FW5302,Reebok Zig Kinetica Horizon,Reebok Zig Kinetica Horizon,62bc67b4e27b9d2c8072bdc7,2990000,,43,zig-kinetica-horizon-shoes-grey-fw5302-01-standard.jpg,50,
FW5302,Reebok Zig Kinetica Horizon,Reebok Zig Kinetica Horizon,62bc67b4e27b9d2c8072bdc7,2990000,,44,zig-kinetica-horizon-shoes-grey-fw5302-01-standard.jpg,50,
FW5303,Reebok Zig Kinetica Horizon,Reebok Zig Kinetica Horizon,62bc67b4e27b9d2c8072bdc7,2990000,,33,zig-kinetica-horizon-shoes-black-fw5303-01-standard.jpg,50,
FW5303,Reebok Zig Kinetica Horizon,Reebok Zig Kinetica Horizon,62bc67b4e27b9d2c8072bdc7,2990000,,34,zig-kinetica-horizon-shoes-black-fw5303-01-standard.jpg,50,
FW5303,Reebok Zig Kinetica Horizon,Reebok Zig Kinetica Horizon,62bc67b4e27b9d2c8072bdc7,2990000,,34.5,zig-kinetica-horizon-shoes-black-fw5303-01-standard.jpg,50,
FW5303,Reebok Zig Kinetica Horizon,Reebok Zig Kinetica Horizon,62bc67b4e27b9d2c8072bdc7,2990000,,36,zig-kinetica-horizon-shoes-black-fw5303-01-standard.jpg,50,
FW5303,Reebok Zig Kinetica Horizon,Reebok Zig Kinetica Horizon,62bc67b4e27b9d2c8072bdc7,2990000,,37.5,zig-kinetica-horizon-shoes-black-fw5303-01-standard.jpg,50,
FW5303,Reebok Zig Kinetica Horizon,Reebok Zig Kinetica Horizon,62bc67b4e27b9d2c8072bdc7,2990000,,38.5,zig-kinetica-horizon-shoes-black-fw5303-01-standard.jpg,50,
FW5303,Reebok Zig Kinetica Horizon,Reebok Zig Kinetica Horizon,62bc67b4e27b9d2c8072bdc7,2990000,,39,zig-kinetica-horizon-shoes-black-fw5303-01-standard.jpg,50,
FW5303,Reebok Zig Kinetica Horizon,Reebok Zig Kinetica Horizon,62bc67b4e27b9d2c8072bdc7,2990000,,40,zig-kinetica-horizon-shoes-black-fw5303-01-standard.jpg,50,
FW5303,Reebok Zig Kinetica Horizon,Reebok Zig Kinetica Horizon,62bc67b4e27b9d2c8072bdc7,2990000,,40.5,zig-kinetica-horizon-shoes-black-fw5303-01-standard.jpg,50,
FW5303,Reebok Zig Kinetica Horizon,Reebok Zig Kinetica Horizon,62bc67b4e27b9d2c8072bdc7,2990000,,41,zig-kinetica-horizon-shoes-black-fw5303-01-standard.jpg,50,
FW5303,Reebok Zig Kinetica Horizon,Reebok Zig Kinetica Horizon,62bc67b4e27b9d2c8072bdc7,2990000,,42,zig-kinetica-horizon-shoes-black-fw5303-01-standard.jpg,50,
FW5303,Reebok Zig Kinetica Horizon,Reebok Zig Kinetica Horizon,62bc67b4e27b9d2c8072bdc7,2990000,,42.5,zig-kinetica-horizon-shoes-black-fw5303-01-standard.jpg,50,
FW5303,Reebok Zig Kinetica Horizon,Reebok Zig Kinetica Horizon,62bc67b4e27b9d2c8072bdc7,2990000,,43,zig-kinetica-horizon-shoes-black-fw5303-01-standard.jpg,50,
FW5303,Reebok Zig Kinetica Horizon,Reebok Zig Kinetica Horizon,62bc67b4e27b9d2c8072bdc7,2990000,,44,zig-kinetica-horizon-shoes-black-fw5303-01-standard.jpg,50,
G57790,Reebok Club C 85 FMACM,Reebok Club C 85 FMACM,62bc67b4e27b9d2c8072bdc7,2490000,1290000,33,club-c-85-shoes-white-g57790-01-standard.jpg,50,
G57790,Reebok Club C 85 FMACM,Reebok Club C 85 FMACM,62bc67b4e27b9d2c8072bdc7,2490000,1290000,34,club-c-85-shoes-white-g57790-01-standard.jpg,50,
G57790,Reebok Club C 85 FMACM,Reebok Club C 85 FMACM,62bc67b4e27b9d2c8072bdc7,2490000,1290000,34.5,club-c-85-shoes-white-g57790-01-standard.jpg,50,
G57790,Reebok Club C 85 FMACM,Reebok Club C 85 FMACM,62bc67b4e27b9d2c8072bdc7,2490000,1290000,36,club-c-85-shoes-white-g57790-01-standard.jpg,50,
G57790,Reebok Club C 85 FMACM,Reebok Club C 85 FMACM,62bc67b4e27b9d2c8072bdc7,2490000,1290000,37.5,club-c-85-shoes-white-g57790-01-standard.jpg,50,
G57790,Reebok Club C 85 FMACM,Reebok Club C 85 FMACM,62bc67b4e27b9d2c8072bdc7,2490000,1290000,38.5,club-c-85-shoes-white-g57790-01-standard.jpg,50,
G57790,Reebok Club C 85 FMACM,Reebok Club C 85 FMACM,62bc67b4e27b9d2c8072bdc7,2490000,1290000,39,club-c-85-shoes-white-g57790-01-standard.jpg,50,
G57790,Reebok Club C 85 FMACM,Reebok Club C 85 FMACM,62bc67b4e27b9d2c8072bdc7,2490000,1290000,40,club-c-85-shoes-white-g57790-01-standard.jpg,50,
G57790,Reebok Club C 85 FMACM,Reebok Club C 85 FMACM,62bc67b4e27b9d2c8072bdc7,2490000,1290000,40.5,club-c-85-shoes-white-g57790-01-standard.jpg,50,
G57790,Reebok Club C 85 FMACM,Reebok Club C 85 FMACM,62bc67b4e27b9d2c8072bdc7,2490000,1290000,41,club-c-85-shoes-white-g57790-01-standard.jpg,50,
G57790,Reebok Club C 85 FMACM,Reebok Club C 85 FMACM,62bc67b4e27b9d2c8072bdc7,2490000,1290000,42,club-c-85-shoes-white-g57790-01-standard.jpg,50,
G57790,Reebok Club C 85 FMACM,Reebok Club C 85 FMACM,62bc67b4e27b9d2c8072bdc7,2490000,1290000,42.5,club-c-85-shoes-white-g57790-01-standard.jpg,50,
G57790,Reebok Club C 85 FMACM,Reebok Club C 85 FMACM,62bc67b4e27b9d2c8072bdc7,2490000,1290000,43,club-c-85-shoes-white-g57790-01-standard.jpg,50,
AT.FX3358,Reebok Club C 85,Reebok Club C 85,62bc67b4e27b9d2c8072bdc7,2250000,1090000,34,fx3358-slc-ecom-c5229a9d-eaf9-4258-8af0-dee5f92da49e-7cc73b663e4546c4a91932fef48cf215.jpg,50,
AT.FX3358,Reebok Club C 85,Reebok Club C 85,62bc67b4e27b9d2c8072bdc7,2250000,1090000,34.5,fx3358-slc-ecom-c5229a9d-eaf9-4258-8af0-dee5f92da49e-7cc73b663e4546c4a91932fef48cf215.jpg,50,
AT.FX3358,Reebok Club C 85,Reebok Club C 85,62bc67b4e27b9d2c8072bdc7,2250000,1090000,36,fx3358-slc-ecom-c5229a9d-eaf9-4258-8af0-dee5f92da49e-7cc73b663e4546c4a91932fef48cf215.jpg,50,
AT.FX3358,Reebok Club C 85,Reebok Club C 85,62bc67b4e27b9d2c8072bdc7,2250000,1090000,37.5,fx3358-slc-ecom-c5229a9d-eaf9-4258-8af0-dee5f92da49e-7cc73b663e4546c4a91932fef48cf215.jpg,50,
AT.FX3358,Reebok Club C 85,Reebok Club C 85,62bc67b4e27b9d2c8072bdc7,2250000,1090000,38.5,fx3358-slc-ecom-c5229a9d-eaf9-4258-8af0-dee5f92da49e-7cc73b663e4546c4a91932fef48cf215.jpg,50,
AT.FX3358,Reebok Club C 85,Reebok Club C 85,62bc67b4e27b9d2c8072bdc7,2250000,1090000,39,fx3358-slc-ecom-c5229a9d-eaf9-4258-8af0-dee5f92da49e-7cc73b663e4546c4a91932fef48cf215.jpg,50,
AT.FX3358,Reebok Club C 85,Reebok Club C 85,62bc67b4e27b9d2c8072bdc7,2250000,1090000,40,fx3358-slc-ecom-c5229a9d-eaf9-4258-8af0-dee5f92da49e-7cc73b663e4546c4a91932fef48cf215.jpg,50,
AT.FX3358,Reebok Club C 85,Reebok Club C 85,62bc67b4e27b9d2c8072bdc7,2250000,1090000,40.5,fx3358-slc-ecom-c5229a9d-eaf9-4258-8af0-dee5f92da49e-7cc73b663e4546c4a91932fef48cf215.jpg,50,
AT.FX3358,Reebok Club C 85,Reebok Club C 85,62bc67b4e27b9d2c8072bdc7,2250000,1090000,41,fx3358-slc-ecom-c5229a9d-eaf9-4258-8af0-dee5f92da49e-7cc73b663e4546c4a91932fef48cf215.jpg,50,
AT.FX3358,Reebok Club C 85,Reebok Club C 85,62bc67b4e27b9d2c8072bdc7,2250000,1090000,42,fx3358-slc-ecom-c5229a9d-eaf9-4258-8af0-dee5f92da49e-7cc73b663e4546c4a91932fef48cf215.jpg,50,
AT.FX3358,Reebok Club C 85,Reebok Club C 85,62bc67b4e27b9d2c8072bdc7,2250000,1090000,42.5,fx3358-slc-ecom-c5229a9d-eaf9-4258-8af0-dee5f92da49e-7cc73b663e4546c4a91932fef48cf215.jpg,50,
AT.FX3358,Reebok Club C 85,Reebok Club C 85,62bc67b4e27b9d2c8072bdc7,2250000,1090000,43,fx3358-slc-ecom-c5229a9d-eaf9-4258-8af0-dee5f92da49e-7cc73b663e4546c4a91932fef48cf215.jpg,50,
AT.FX3358,Reebok Club C 85,Reebok Club C 85,62bc67b4e27b9d2c8072bdc7,2250000,1090000,44,fx3358-slc-ecom-c5229a9d-eaf9-4258-8af0-dee5f92da49e-7cc73b663e4546c4a91932fef48cf215.jpg,50,
FX4219,Reebok Club C 85 Mule,Reebok Club C 85 Mule,62bc67b4e27b9d2c8072bdc7,2190000,,35,129588919-3680271918701096-1295127542949176660-o-png-v-1607614823803.jpg,50,
FX4219,Reebok Club C 85 Mule,Reebok Club C 85 Mule,62bc67b4e27b9d2c8072bdc7,2190000,,35.5,129588919-3680271918701096-1295127542949176660-o-png-v-1607614823803.jpg,50,
FX4219,Reebok Club C 85 Mule,Reebok Club C 85 Mule,62bc67b4e27b9d2c8072bdc7,2190000,,36,129588919-3680271918701096-1295127542949176660-o-png-v-1607614823803.jpg,50,
FX4219,Reebok Club C 85 Mule,Reebok Club C 85 Mule,62bc67b4e27b9d2c8072bdc7,2190000,,37,129588919-3680271918701096-1295127542949176660-o-png-v-1607614823803.jpg,50,
FX4219,Reebok Club C 85 Mule,Reebok Club C 85 Mule,62bc67b4e27b9d2c8072bdc7,2190000,,37.5,129588919-3680271918701096-1295127542949176660-o-png-v-1607614823803.jpg,50,
FX4219,Reebok Club C 85 Mule,Reebok Club C 85 Mule,62bc67b4e27b9d2c8072bdc7,2190000,,38,129588919-3680271918701096-1295127542949176660-o-png-v-1607614823803.jpg,50,
FX4219,Reebok Club C 85 Mule,Reebok Club C 85 Mule,62bc67b4e27b9d2c8072bdc7,2190000,,38.5,129588919-3680271918701096-1295127542949176660-o-png-v-1607614823803.jpg,50,
FX4219,Reebok Club C 85 Mule,Reebok Club C 85 Mule,62bc67b4e27b9d2c8072bdc7,2190000,,39,129588919-3680271918701096-1295127542949176660-o-png-v-1607614823803.jpg,50,
FX4219,Reebok Club C 85 Mule,Reebok Club C 85 Mule,62bc67b4e27b9d2c8072bdc7,2190000,,40,129588919-3680271918701096-1295127542949176660-o-png-v-1607614823803.jpg,50,
FX4219,Reebok Club C 85 Mule,Reebok Club C 85 Mule,62bc67b4e27b9d2c8072bdc7,2190000,,40.5,129588919-3680271918701096-1295127542949176660-o-png-v-1607614823803.jpg,50,
FX4219,Reebok Club C 85 Mule,Reebok Club C 85 Mule,62bc67b4e27b9d2c8072bdc7,2190000,,41,129588919-3680271918701096-1295127542949176660-o-png-v-1607614823803.jpg,50,
FX4219,Reebok Club C 85 Mule,Reebok Club C 85 Mule,62bc67b4e27b9d2c8072bdc7,2190000,,42,129588919-3680271918701096-1295127542949176660-o-png-v-1607614823803.jpg,50,
FX4219,Reebok Club C 85 Mule,Reebok Club C 85 Mule,62bc67b4e27b9d2c8072bdc7,2190000,,42.5,129588919-3680271918701096-1295127542949176660-o-png-v-1607614823803.jpg,50,
FX4219,Reebok Club C 85 Mule,Reebok Club C 85 Mule,62bc67b4e27b9d2c8072bdc7,2190000,,43,129588919-3680271918701096-1295127542949176660-o-png-v-1607614823803.jpg,50,
369449-01,Puma RS-X,Puma RS-X,62bc67a3e27b9d2c8072bdc6,2450000,1450000,35.5,s-l1600.jpg,50,
369449-01,Puma RS-X,Puma RS-X,62bc67a3e27b9d2c8072bdc6,2450000,1450000,36,s-l1600.jpg,50,
369449-01,Puma RS-X,Puma RS-X,62bc67a3e27b9d2c8072bdc6,2450000,1450000,37,s-l1600.jpg,50,
369449-01,Puma RS-X,Puma RS-X,62bc67a3e27b9d2c8072bdc6,2450000,1450000,37.5,s-l1600.jpg,50,
369449-01,Puma RS-X,Puma RS-X,62bc67a3e27b9d2c8072bdc6,2450000,1450000,38,s-l1600.jpg,50,
369449-01,Puma RS-X,Puma RS-X,62bc67a3e27b9d2c8072bdc6,2450000,1450000,38.5,s-l1600.jpg,50,
369449-01,Puma RS-X,Puma RS-X,62bc67a3e27b9d2c8072bdc6,2450000,1450000,39,s-l1600.jpg,50,
369449-01,Puma RS-X,Puma RS-X,62bc67a3e27b9d2c8072bdc6,2450000,1450000,40.5,s-l1600.jpg,50,
369449-01,Puma RS-X,Puma RS-X,62bc67a3e27b9d2c8072bdc6,2450000,1450000,41,s-l1600.jpg,50,
369449-01,Puma RS-X,Puma RS-X,62bc67a3e27b9d2c8072bdc6,2450000,1450000,42,s-l1600.jpg,50,
369449-01,Puma RS-X,Puma RS-X,62bc67a3e27b9d2c8072bdc6,2450000,1450000,42.5,s-l1600.jpg,50,
369449-01,Puma RS-X,Puma RS-X,62bc67a3e27b9d2c8072bdc6,2450000,1450000,43,s-l1600.jpg,50,
371318-01,Puma Bari Mule,Puma Bari Mule,62bc67a3e27b9d2c8072bdc6,1850000,1650000,36,2019566-l.jpg,50,
371318-01,Puma Bari Mule,Puma Bari Mule,62bc67a3e27b9d2c8072bdc6,1850000,1650000,37,2019566-l.jpg,50,
371318-01,Puma Bari Mule,Puma Bari Mule,62bc67a3e27b9d2c8072bdc6,1850000,1650000,37.5,2019566-l.jpg,50,
371318-01,Puma Bari Mule,Puma Bari Mule,62bc67a3e27b9d2c8072bdc6,1850000,1650000,38,2019566-l.jpg,50,
371318-01,Puma Bari Mule,Puma Bari Mule,62bc67a3e27b9d2c8072bdc6,1850000,1650000,38.5,2019566-l.jpg,50,
371318-01,Puma Bari Mule,Puma Bari Mule,62bc67a3e27b9d2c8072bdc6,1850000,1650000,39,2019566-l.jpg,50,
371318-01,Puma Bari Mule,Puma Bari Mule,62bc67a3e27b9d2c8072bdc6,1850000,1650000,40,2019566-l.jpg,50,
371318-01,Puma Bari Mule,Puma Bari Mule,62bc67a3e27b9d2c8072bdc6,1850000,1650000,40.5,2019566-l.jpg,50,
371318-01,Puma Bari Mule,Puma Bari Mule,62bc67a3e27b9d2c8072bdc6,1850000,1650000,41,2019566-l.jpg,50,
371318-01,Puma Bari Mule,Puma Bari Mule,62bc67a3e27b9d2c8072bdc6,1850000,1650000,42,2019566-l.jpg,50,
371318-01,Puma Bari Mule,Puma Bari Mule,62bc67a3e27b9d2c8072bdc6,1850000,1650000,42.5,2019566-l.jpg,50,
371318-01,Puma Bari Mule,Puma Bari Mule,62bc67a3e27b9d2c8072bdc6,1850000,1650000,43,2019566-l.jpg,50,
374862-02,Puma RS IRI 2020,Puma RS IRI 2020,62bc67a3e27b9d2c8072bdc6,2250000,1490000,35.5,5f58d71022db32aaf25a34fc8032fb6d.jpg,50,
374862-02,Puma RS IRI 2020,Puma RS IRI 2020,62bc67a3e27b9d2c8072bdc6,2250000,1490000,37,5f58d71022db32aaf25a34fc8032fb6d.jpg,50,
374862-02,Puma RS IRI 2020,Puma RS IRI 2020,62bc67a3e27b9d2c8072bdc6,2250000,1490000,38,5f58d71022db32aaf25a34fc8032fb6d.jpg,50,
374862-02,Puma RS IRI 2020,Puma RS IRI 2020,62bc67a3e27b9d2c8072bdc6,2250000,1490000,39,5f58d71022db32aaf25a34fc8032fb6d.jpg,50,
374862-02,Puma RS IRI 2020,Puma RS IRI 2020,62bc67a3e27b9d2c8072bdc6,2250000,1490000,40.5,5f58d71022db32aaf25a34fc8032fb6d.jpg,50,
374862-02,Puma RS IRI 2020,Puma RS IRI 2020,62bc67a3e27b9d2c8072bdc6,2250000,1490000,42,5f58d71022db32aaf25a34fc8032fb6d.jpg,50,
374862-02,Puma RS IRI 2020,Puma RS IRI 2020,62bc67a3e27b9d2c8072bdc6,2250000,1490000,43,5f58d71022db32aaf25a34fc8032fb6d.jpg,50,
370325-02,Puma Carina,Puma Carina,62bc67a3e27b9d2c8072bdc6,2250000,1280000,35.5,gi-percentage-c3-percentage-a0y-puma-carina-white-ch-percentage-c3-percentage-adnh-h-percentage-c3-percentage-a3ng.jpg,50,
370325-02,Puma Carina,Puma Carina,62bc67a3e27b9d2c8072bdc6,2250000,1280000,36,gi-percentage-c3-percentage-a0y-puma-carina-white-ch-percentage-c3-percentage-adnh-h-percentage-c3-percentage-a3ng.jpg,50,
370325-02,Puma Carina,Puma Carina,62bc67a3e27b9d2c8072bdc6,2250000,1280000,37,gi-percentage-c3-percentage-a0y-puma-carina-white-ch-percentage-c3-percentage-adnh-h-percentage-c3-percentage-a3ng.jpg,50,
370325-02,Puma Carina,Puma Carina,62bc67a3e27b9d2c8072bdc6,2250000,1280000,37.5,gi-percentage-c3-percentage-a0y-puma-carina-white-ch-percentage-c3-percentage-adnh-h-percentage-c3-percentage-a3ng.jpg,50,
370325-02,Puma Carina,Puma Carina,62bc67a3e27b9d2c8072bdc6,2250000,1280000,38,gi-percentage-c3-percentage-a0y-puma-carina-white-ch-percentage-c3-percentage-adnh-h-percentage-c3-percentage-a3ng.jpg,50,
370325-02,Puma Carina,Puma Carina,62bc67a3e27b9d2c8072bdc6,2250000,1280000,38.5,gi-percentage-c3-percentage-a0y-puma-carina-white-ch-percentage-c3-percentage-adnh-h-percentage-c3-percentage-a3ng.jpg,50,
370325-02,Puma Carina,Puma Carina,62bc67a3e27b9d2c8072bdc6,2250000,1280000,39,gi-percentage-c3-percentage-a0y-puma-carina-white-ch-percentage-c3-percentage-adnh-h-percentage-c3-percentage-a3ng.jpg,50,
374903-02,Puma Carina Crew,Puma Carina Crew,62bc67a3e27b9d2c8072bdc6,2250000,1390000,35.5,z2562658555542-8b674672d0ea4dcb4ba4c2ae609dcf67-2503c62e6e7047c0acbc68d42f251161-grande.jpg,50,
374903-02,Puma Carina Crew,Puma Carina Crew,62bc67a3e27b9d2c8072bdc6,2250000,1390000,36,z2562658555542-8b674672d0ea4dcb4ba4c2ae609dcf67-2503c62e6e7047c0acbc68d42f251161-grande.jpg,50,
374903-02,Puma Carina Crew,Puma Carina Crew,62bc67a3e27b9d2c8072bdc6,2250000,1390000,37,z2562658555542-8b674672d0ea4dcb4ba4c2ae609dcf67-2503c62e6e7047c0acbc68d42f251161-grande.jpg,50,
374903-02,Puma Carina Crew,Puma Carina Crew,62bc67a3e27b9d2c8072bdc6,2250000,1390000,37.5,z2562658555542-8b674672d0ea4dcb4ba4c2ae609dcf67-2503c62e6e7047c0acbc68d42f251161-grande.jpg,50,
374903-02,Puma Carina Crew,Puma Carina Crew,62bc67a3e27b9d2c8072bdc6,2250000,1390000,38,z2562658555542-8b674672d0ea4dcb4ba4c2ae609dcf67-2503c62e6e7047c0acbc68d42f251161-grande.jpg,50,
374903-02,Puma Carina Crew,Puma Carina Crew,62bc67a3e27b9d2c8072bdc6,2250000,1390000,38.5,z2562658555542-8b674672d0ea4dcb4ba4c2ae609dcf67-2503c62e6e7047c0acbc68d42f251161-grande.jpg,50,
374903-02,Puma Carina Crew,Puma Carina Crew,62bc67a3e27b9d2c8072bdc6,2250000,1390000,39,z2562658555542-8b674672d0ea4dcb4ba4c2ae609dcf67-2503c62e6e7047c0acbc68d42f251161-grande.jpg,50,
374903-02,Puma Carina Crew,Puma Carina Crew,62bc67a3e27b9d2c8072bdc6,2250000,1390000,40,z2562658555542-8b674672d0ea4dcb4ba4c2ae609dcf67-2503c62e6e7047c0acbc68d42f251161-grande.jpg,50,
356722-11,Puma Smash L,Puma Smash L,62bc67a3e27b9d2c8072bdc6,1890000,1090000,35.5,puma-smash-l.jpg,50,
356722-11,Puma Smash L,Puma Smash L,62bc67a3e27b9d2c8072bdc6,1890000,1090000,36,puma-smash-l.jpg,50,
356722-11,Puma Smash L,Puma Smash L,62bc67a3e27b9d2c8072bdc6,1890000,1090000,37,puma-smash-l.jpg,50,
356722-11,Puma Smash L,Puma Smash L,62bc67a3e27b9d2c8072bdc6,1890000,1090000,37.5,puma-smash-l.jpg,50,
356722-11,Puma Smash L,Puma Smash L,62bc67a3e27b9d2c8072bdc6,1890000,1090000,38,puma-smash-l.jpg,50,
356722-11,Puma Smash L,Puma Smash L,62bc67a3e27b9d2c8072bdc6,1890000,1090000,38.5,puma-smash-l.jpg,50,
356722-11,Puma Smash L,Puma Smash L,62bc67a3e27b9d2c8072bdc6,1890000,1090000,39,puma-smash-l.jpg,50,
356722-11,Puma Smash L,Puma Smash L,62bc67a3e27b9d2c8072bdc6,1890000,1090000,40,puma-smash-l.jpg,50,
356722-11,Puma Smash L,Puma Smash L,62bc67a3e27b9d2c8072bdc6,1890000,1090000,40.5,puma-smash-l.jpg,50,
356722-11,Puma Smash L,Puma Smash L,62bc67a3e27b9d2c8072bdc6,1890000,1090000,41,puma-smash-l.jpg,50,
356722-11,Puma Smash L,Puma Smash L,62bc67a3e27b9d2c8072bdc6,1890000,1090000,42,puma-smash-l.jpg,50,
356722-11,Puma Smash L,Puma Smash L,62bc67a3e27b9d2c8072bdc6,1890000,1090000,42.5,puma-smash-l.jpg,50,
356722-11,Puma Smash L,Puma Smash L,62bc67a3e27b9d2c8072bdc6,1890000,1090000,43,puma-smash-l.jpg,50,
356722-11,Puma Smash L,Puma Smash L,62bc67a3e27b9d2c8072bdc6,1890000,1090000,44,puma-smash-l.jpg,50,
356722-11,Puma Smash L,Puma Smash L,62bc67a3e27b9d2c8072bdc6,1890000,1090000,44.5,puma-smash-l.jpg,50,
356722-11,Puma Smash L,Puma Smash L,62bc67a3e27b9d2c8072bdc6,1890000,1090000,45,puma-smash-l.jpg,50,
372279-02,Puma PopCat White/Black,Puma PopCat White/Black,62bc67a3e27b9d2c8072bdc6,850000,,37,dep-puma-popcat-white-black-logo-372279-02-jpeg.jpg,50,
372279-02,Puma PopCat White/Black,Puma PopCat White/Black,62bc67a3e27b9d2c8072bdc6,850000,,38,dep-puma-popcat-white-black-logo-372279-02-jpeg.jpg,50,
372279-02,Puma PopCat White/Black,Puma PopCat White/Black,62bc67a3e27b9d2c8072bdc6,850000,,39,dep-puma-popcat-white-black-logo-372279-02-jpeg.jpg,50,
372279-02,Puma PopCat White/Black,Puma PopCat White/Black,62bc67a3e27b9d2c8072bdc6,850000,,40.5,dep-puma-popcat-white-black-logo-372279-02-jpeg.jpg,50,
372279-02,Puma PopCat White/Black,Puma PopCat White/Black,62bc67a3e27b9d2c8072bdc6,850000,,42,dep-puma-popcat-white-black-logo-372279-02-jpeg.jpg,50,
372279-02,Puma PopCat White/Black,Puma PopCat White/Black,62bc67a3e27b9d2c8072bdc6,850000,,43,dep-puma-popcat-white-black-logo-372279-02-jpeg.jpg,50,
381111-02,Puma Club Trainers,Puma Club Trainers,62bc67a3e27b9d2c8072bdc6,2250000,1290000,35.5,puma-club-trainers-black-white-gold-381111-02-1.jpg,50,
381111-02,Puma Club Trainers,Puma Club Trainers,62bc67a3e27b9d2c8072bdc6,2250000,1290000,36,puma-club-trainers-black-white-gold-381111-02-1.jpg,50,
381111-02,Puma Club Trainers,Puma Club Trainers,62bc67a3e27b9d2c8072bdc6,2250000,1290000,37,puma-club-trainers-black-white-gold-381111-02-1.jpg,50,
381111-02,Puma Club Trainers,Puma Club Trainers,62bc67a3e27b9d2c8072bdc6,2250000,1290000,37.5,puma-club-trainers-black-white-gold-381111-02-1.jpg,50,
381111-02,Puma Club Trainers,Puma Club Trainers,62bc67a3e27b9d2c8072bdc6,2250000,1290000,38,puma-club-trainers-black-white-gold-381111-02-1.jpg,50,
381111-02,Puma Club Trainers,Puma Club Trainers,62bc67a3e27b9d2c8072bdc6,2250000,1290000,38.5,puma-club-trainers-black-white-gold-381111-02-1.jpg,50,
381111-02,Puma Club Trainers,Puma Club Trainers,62bc67a3e27b9d2c8072bdc6,2250000,1290000,39,puma-club-trainers-black-white-gold-381111-02-1.jpg,50,
381111-02,Puma Club Trainers,Puma Club Trainers,62bc67a3e27b9d2c8072bdc6,2250000,1290000,40,puma-club-trainers-black-white-gold-381111-02-1.jpg,50,
381111-02,Puma Club Trainers,Puma Club Trainers,62bc67a3e27b9d2c8072bdc6,2250000,1290000,40.5,puma-club-trainers-black-white-gold-381111-02-1.jpg,50,
381111-02,Puma Club Trainers,Puma Club Trainers,62bc67a3e27b9d2c8072bdc6,2250000,1290000,41,puma-club-trainers-black-white-gold-381111-02-1.jpg,50,
381111-02,Puma Club Trainers,Puma Club Trainers,62bc67a3e27b9d2c8072bdc6,2250000,1290000,42,puma-club-trainers-black-white-gold-381111-02-1.jpg,50,
381111-02,Puma Club Trainers,Puma Club Trainers,62bc67a3e27b9d2c8072bdc6,2250000,1290000,42.5,puma-club-trainers-black-white-gold-381111-02-1.jpg,50,
381111-02,Puma Club Trainers,Puma Club Trainers,62bc67a3e27b9d2c8072bdc6,2250000,1290000,43,puma-club-trainers-black-white-gold-381111-02-1.jpg,50,
381111-02,Puma Club Trainers,Puma Club Trainers,62bc67a3e27b9d2c8072bdc6,2250000,1290000,44,puma-club-trainers-black-white-gold-381111-02-1.jpg,50,
381111-02,Puma Club Trainers,Puma Club Trainers,62bc67a3e27b9d2c8072bdc6,2250000,1290000,44.5,puma-club-trainers-black-white-gold-381111-02-1.jpg,50,
381111-02,Puma Club Trainers,Puma Club Trainers,62bc67a3e27b9d2c8072bdc6,2250000,1290000,45,puma-club-trainers-black-white-gold-381111-02-1.jpg,50,
381193-02,Puma Basket Comfy White,Puma Basket Comfy White,62bc67a3e27b9d2c8072bdc6,2690000,999999,35.5,2238078-1-500.jpg,50,
381193-02,Puma Basket Comfy White,Puma Basket Comfy White,62bc67a3e27b9d2c8072bdc6,2690000,999999,36,2238078-1-500.jpg,50,
381193-02,Puma Basket Comfy White,Puma Basket Comfy White,62bc67a3e27b9d2c8072bdc6,2690000,999999,37,2238078-1-500.jpg,50,
381193-02,Puma Basket Comfy White,Puma Basket Comfy White,62bc67a3e27b9d2c8072bdc6,2690000,999999,37.5,2238078-1-500.jpg,50,
381193-02,Puma Basket Comfy White,Puma Basket Comfy White,62bc67a3e27b9d2c8072bdc6,2690000,999999,38,2238078-1-500.jpg,50,
381193-02,Puma Basket Comfy White,Puma Basket Comfy White,62bc67a3e27b9d2c8072bdc6,2690000,999999,38.5,2238078-1-500.jpg,50,
381193-02,Puma Basket Comfy White,Puma Basket Comfy White,62bc67a3e27b9d2c8072bdc6,2690000,999999,39,2238078-1-500.jpg,50,
381193-02,Puma Basket Comfy White,Puma Basket Comfy White,62bc67a3e27b9d2c8072bdc6,2690000,999999,40,2238078-1-500.jpg,50,
381193-02,Puma Basket Comfy White,Puma Basket Comfy White,62bc67a3e27b9d2c8072bdc6,2690000,999999,40.5,2238078-1-500.jpg,50,
381193-02,Puma Basket Comfy White,Puma Basket Comfy White,62bc67a3e27b9d2c8072bdc6,2690000,999999,41,2238078-1-500.jpg,50,
381193-02,Puma Basket Comfy White,Puma Basket Comfy White,62bc67a3e27b9d2c8072bdc6,2690000,999999,42,2238078-1-500.jpg,50,
381193-02,Puma Basket Comfy White,Puma Basket Comfy White,62bc67a3e27b9d2c8072bdc6,2690000,999999,42.5,2238078-1-500.jpg,50,
381193-02,Puma Basket Comfy White,Puma Basket Comfy White,62bc67a3e27b9d2c8072bdc6,2690000,999999,43,2238078-1-500.jpg,50,
381193-02,Puma Basket Comfy White,Puma Basket Comfy White,62bc67a3e27b9d2c8072bdc6,2690000,999999,44,2238078-1-500.jpg,50,
381193-02,Puma Basket Comfy White,Puma Basket Comfy White,62bc67a3e27b9d2c8072bdc6,2690000,999999,44.5,2238078-1-500.jpg,50,
381193-02,Puma Basket Comfy White,Puma Basket Comfy White,62bc67a3e27b9d2c8072bdc6,2690000,999999,45,2238078-1-500.jpg,50,
384965-01,Puma Slipstream Low The Never Worn Black,Puma Slipstream Low The Never Worn Black,62bc67a3e27b9d2c8072bdc6,3200000,,35.5,puma-slipstream-lo-the-neverworn-d9f929b51b274023b8a8b67ca7e2a4bc-1024x1024.png,50,
384965-01,Puma Slipstream Low The Never Worn Black,Puma Slipstream Low The Never Worn Black,62bc67a3e27b9d2c8072bdc6,3200000,,36,puma-slipstream-lo-the-neverworn-d9f929b51b274023b8a8b67ca7e2a4bc-1024x1024.png,50,
384965-01,Puma Slipstream Low The Never Worn Black,Puma Slipstream Low The Never Worn Black,62bc67a3e27b9d2c8072bdc6,3200000,,37,puma-slipstream-lo-the-neverworn-d9f929b51b274023b8a8b67ca7e2a4bc-1024x1024.png,50,
384965-01,Puma Slipstream Low The Never Worn Black,Puma Slipstream Low The Never Worn Black,62bc67a3e27b9d2c8072bdc6,3200000,,37.5,puma-slipstream-lo-the-neverworn-d9f929b51b274023b8a8b67ca7e2a4bc-1024x1024.png,50,
384965-01,Puma Slipstream Low The Never Worn Black,Puma Slipstream Low The Never Worn Black,62bc67a3e27b9d2c8072bdc6,3200000,,38,puma-slipstream-lo-the-neverworn-d9f929b51b274023b8a8b67ca7e2a4bc-1024x1024.png,50,
384965-01,Puma Slipstream Low The Never Worn Black,Puma Slipstream Low The Never Worn Black,62bc67a3e27b9d2c8072bdc6,3200000,,38.5,puma-slipstream-lo-the-neverworn-d9f929b51b274023b8a8b67ca7e2a4bc-1024x1024.png,50,
384965-01,Puma Slipstream Low The Never Worn Black,Puma Slipstream Low The Never Worn Black,62bc67a3e27b9d2c8072bdc6,3200000,,39,puma-slipstream-lo-the-neverworn-d9f929b51b274023b8a8b67ca7e2a4bc-1024x1024.png,50,
384965-01,Puma Slipstream Low The Never Worn Black,Puma Slipstream Low The Never Worn Black,62bc67a3e27b9d2c8072bdc6,3200000,,40,puma-slipstream-lo-the-neverworn-d9f929b51b274023b8a8b67ca7e2a4bc-1024x1024.png,50,
384965-01,Puma Slipstream Low The Never Worn Black,Puma Slipstream Low The Never Worn Black,62bc67a3e27b9d2c8072bdc6,3200000,,40.5,puma-slipstream-lo-the-neverworn-d9f929b51b274023b8a8b67ca7e2a4bc-1024x1024.png,50,
384965-01,Puma Slipstream Low The Never Worn Black,Puma Slipstream Low The Never Worn Black,62bc67a3e27b9d2c8072bdc6,3200000,,41,puma-slipstream-lo-the-neverworn-d9f929b51b274023b8a8b67ca7e2a4bc-1024x1024.png,50,
384965-01,Puma Slipstream Low The Never Worn Black,Puma Slipstream Low The Never Worn Black,62bc67a3e27b9d2c8072bdc6,3200000,,42,puma-slipstream-lo-the-neverworn-d9f929b51b274023b8a8b67ca7e2a4bc-1024x1024.png,50,
384965-01,Puma Slipstream Low The Never Worn Black,Puma Slipstream Low The Never Worn Black,62bc67a3e27b9d2c8072bdc6,3200000,,42.5,puma-slipstream-lo-the-neverworn-d9f929b51b274023b8a8b67ca7e2a4bc-1024x1024.png,50,
384965-01,Puma Slipstream Low The Never Worn Black,Puma Slipstream Low The Never Worn Black,62bc67a3e27b9d2c8072bdc6,3200000,,43,puma-slipstream-lo-the-neverworn-d9f929b51b274023b8a8b67ca7e2a4bc-1024x1024.png,50,
384965-01,Puma Slipstream Low The Never Worn Black,Puma Slipstream Low The Never Worn Black,62bc67a3e27b9d2c8072bdc6,3200000,,44,puma-slipstream-lo-the-neverworn-d9f929b51b274023b8a8b67ca7e2a4bc-1024x1024.png,50,
384965-01,Puma Slipstream Low The Never Worn Black,Puma Slipstream Low The Never Worn Black,62bc67a3e27b9d2c8072bdc6,3200000,,44.5,puma-slipstream-lo-the-neverworn-d9f929b51b274023b8a8b67ca7e2a4bc-1024x1024.png,50,
384965-01,Puma Slipstream Low The Never Worn Black,Puma Slipstream Low The Never Worn Black,62bc67a3e27b9d2c8072bdc6,3200000,,45,puma-slipstream-lo-the-neverworn-d9f929b51b274023b8a8b67ca7e2a4bc-1024x1024.png,50,
HMT9213,Domba Moonlake,Domba Moonlake,62bc677ae27b9d2c8072bdc4,1500000,1190000,36,1994835-l.jpg,50,
HMT9213,Domba Moonlake,Domba Moonlake,62bc677ae27b9d2c8072bdc4,1500000,1190000,37,1994835-l.jpg,50,
HMT9213,Domba Moonlake,Domba Moonlake,62bc677ae27b9d2c8072bdc4,1500000,1190000,37.5,1994835-l.jpg,50,
HMT9213,Domba Moonlake,Domba Moonlake,62bc677ae27b9d2c8072bdc4,1500000,1190000,38,1994835-l.jpg,50,
HMT9213,Domba Moonlake,Domba Moonlake,62bc677ae27b9d2c8072bdc4,1500000,1190000,38.5,1994835-l.jpg,50,
HMT9213,Domba Moonlake,Domba Moonlake,62bc677ae27b9d2c8072bdc4,1500000,1190000,39,1994835-l.jpg,50,
HMT9213,Domba Moonlake,Domba Moonlake,62bc677ae27b9d2c8072bdc4,1500000,1190000,40,1994835-l.jpg,50,
HMT9213,Domba Moonlake,Domba Moonlake,62bc677ae27b9d2c8072bdc4,1500000,1190000,40.5,1994835-l.jpg,50,
HMT9213,Domba Moonlake,Domba Moonlake,62bc677ae27b9d2c8072bdc4,1500000,1190000,41,1994835-l.jpg,50,
HMT9213,Domba Moonlake,Domba Moonlake,62bc677ae27b9d2c8072bdc4,1500000,1190000,42,1994835-l.jpg,50,
HMT9213,Domba Moonlake,Domba Moonlake,62bc677ae27b9d2c8072bdc4,1500000,1190000,43,1994835-l.jpg,50,
HMT9212,Domba Moonlake,Domba Moonlake,62bc677ae27b9d2c8072bdc4,1500000,1190000,36,1993238-l.jpg,50,
HMT9212,Domba Moonlake,Domba Moonlake,62bc677ae27b9d2c8072bdc4,1500000,1190000,37.5,1993238-l.jpg,50,
HMT9212,Domba Moonlake,Domba Moonlake,62bc677ae27b9d2c8072bdc4,1500000,1190000,38,1993238-l.jpg,50,
HMT9212,Domba Moonlake,Domba Moonlake,62bc677ae27b9d2c8072bdc4,1500000,1190000,38.5,1993238-l.jpg,50,
HMT9212,Domba Moonlake,Domba Moonlake,62bc677ae27b9d2c8072bdc4,1500000,1190000,39,1993238-l.jpg,50,
HMT9212,Domba Moonlake,Domba Moonlake,62bc677ae27b9d2c8072bdc4,1500000,1190000,40,1993238-l.jpg,50,
HMT9212,Domba Moonlake,Domba Moonlake,62bc677ae27b9d2c8072bdc4,1500000,1190000,40.5,1993238-l.jpg,50,
HMT9212,Domba Moonlake,Domba Moonlake,62bc677ae27b9d2c8072bdc4,1500000,1190000,41,1993238-l.jpg,50,
HMT9212,Domba Moonlake,Domba Moonlake,62bc677ae27b9d2c8072bdc4,1500000,1190000,42,1993238-l.jpg,50,
HMT9212,Domba Moonlake,Domba Moonlake,62bc677ae27b9d2c8072bdc4,1500000,1190000,42.5,1993238-l.jpg,50,
HMT9212,Domba Moonlake,Domba Moonlake,62bc677ae27b9d2c8072bdc4,1500000,1190000,43,1993238-l.jpg,50,
HMT9212,Domba Moonlake,Domba Moonlake,62bc677ae27b9d2c8072bdc4,1500000,1190000,44,1993238-l.jpg,50,
H-9114,Domba - Trắng/Hồng,Domba - Trang/Hong,62bc677ae27b9d2c8072bdc4,1450000,990000,34,domba-pink-grande.jpg,50,
H-9114,Domba - Trắng/Hồng,Domba - Trang/Hong,62bc677ae27b9d2c8072bdc4,1450000,990000,35,domba-pink-grande.jpg,50,
H-9114,Domba - Trắng/Hồng,Domba - Trang/Hong,62bc677ae27b9d2c8072bdc4,1450000,990000,36,domba-pink-grande.jpg,50,
H-9114,Domba - Trắng/Hồng,Domba - Trang/Hong,62bc677ae27b9d2c8072bdc4,1450000,990000,37,domba-pink-grande.jpg,50,
H-9114,Domba - Trắng/Hồng,Domba - Trang/Hong,62bc677ae27b9d2c8072bdc4,1450000,990000,38,domba-pink-grande.jpg,50,
H-9114,Domba - Trắng/Hồng,Domba - Trang/Hong,62bc677ae27b9d2c8072bdc4,1450000,990000,39,domba-pink-grande.jpg,50,
H-9114,Domba - Trắng/Hồng,Domba - Trang/Hong,62bc677ae27b9d2c8072bdc4,1450000,990000,40,domba-pink-grande.jpg,50,
H-9111,Domba - Trắng/Đen,Domba - Trang/Den,62bc677ae27b9d2c8072bdc4,1450000,990000,34,5a8fcb6995662a84631f8e05ad211757.jpg,50,
H-9111,Domba - Trắng/Đen,Domba - Trang/Den,62bc677ae27b9d2c8072bdc4,1450000,990000,35,5a8fcb6995662a84631f8e05ad211757.jpg,50,
H-9111,Domba - Trắng/Đen,Domba - Trang/Den,62bc677ae27b9d2c8072bdc4,1450000,990000,36,5a8fcb6995662a84631f8e05ad211757.jpg,50,
H-9111,Domba - Trắng/Đen,Domba - Trang/Den,62bc677ae27b9d2c8072bdc4,1450000,990000,37,5a8fcb6995662a84631f8e05ad211757.jpg,50,
H-9111,Domba - Trắng/Đen,Domba - Trang/Den,62bc677ae27b9d2c8072bdc4,1450000,990000,38,5a8fcb6995662a84631f8e05ad211757.jpg,50,
H-9111,Domba - Trắng/Đen,Domba - Trang/Den,62bc677ae27b9d2c8072bdc4,1450000,990000,39,5a8fcb6995662a84631f8e05ad211757.jpg,50,
H-9111,Domba - Trắng/Đen,Domba - Trang/Den,62bc677ae27b9d2c8072bdc4,1450000,990000,40,5a8fcb6995662a84631f8e05ad211757.jpg,50,
H-9111,Domba - Trắng/Đen,Domba - Trang/Den,62bc677ae27b9d2c8072bdc4,1450000,990000,41,5a8fcb6995662a84631f8e05ad211757.jpg,50,
H-9111,Domba - Trắng/Đen,Domba - Trang/Den,62bc677ae27b9d2c8072bdc4,1450000,990000,42,5a8fcb6995662a84631f8e05ad211757.jpg,50,
H-9111,Domba - Trắng/Đen,Domba - Trang/Den,62bc677ae27b9d2c8072bdc4,1450000,990000,43,5a8fcb6995662a84631f8e05ad211757.jpg,50,
H-9111,Domba - Trắng/Đen,Domba - Trang/Den,62bc677ae27b9d2c8072bdc4,1450000,990000,44,5a8fcb6995662a84631f8e05ad211757.jpg,50,
h-9115,Domba - Trắng/Trắng,Domba - Trang/Trang,62bc677ae27b9d2c8072bdc4,1450000,990000,34,aaac00219477260ba39232a5f9854c3b.jpg,50,
h-9115,Domba - Trắng/Trắng,Domba - Trang/Trang,62bc677ae27b9d2c8072bdc4,1450000,990000,35,aaac00219477260ba39232a5f9854c3b.jpg,50,
h-9115,Domba - Trắng/Trắng,Domba - Trang/Trang,62bc677ae27b9d2c8072bdc4,1450000,990000,36,aaac00219477260ba39232a5f9854c3b.jpg,50,
h-9115,Domba - Trắng/Trắng,Domba - Trang/Trang,62bc677ae27b9d2c8072bdc4,1450000,990000,37,aaac00219477260ba39232a5f9854c3b.jpg,50,
h-9115,Domba - Trắng/Trắng,Domba - Trang/Trang,62bc677ae27b9d2c8072bdc4,1450000,990000,38,aaac00219477260ba39232a5f9854c3b.jpg,50,
h-9115,Domba - Trắng/Trắng,Domba - Trang/Trang,62bc677ae27b9d2c8072bdc4,1450000,990000,39,aaac00219477260ba39232a5f9854c3b.jpg,50,
h-9115,Domba - Trắng/Trắng,Domba - Trang/Trang,62bc677ae27b9d2c8072bdc4,1450000,990000,42,aaac00219477260ba39232a5f9854c3b.jpg,50,
H-9113,Domba - Trắng/Bạc,Domba - Trang/Bac,62bc677ae27b9d2c8072bdc4,1450000,990000,34,eb467d494cb3bd88b8e44f71254c60c9.jpg,50,
H-9113,Domba - Trắng/Bạc,Domba - Trang/Bac,62bc677ae27b9d2c8072bdc4,1450000,990000,35,eb467d494cb3bd88b8e44f71254c60c9.jpg,50,
H-9113,Domba - Trắng/Bạc,Domba - Trang/Bac,62bc677ae27b9d2c8072bdc4,1450000,990000,36,eb467d494cb3bd88b8e44f71254c60c9.jpg,50,
H-9113,Domba - Trắng/Bạc,Domba - Trang/Bac,62bc677ae27b9d2c8072bdc4,1450000,990000,37,eb467d494cb3bd88b8e44f71254c60c9.jpg,50,
H-9113,Domba - Trắng/Bạc,Domba - Trang/Bac,62bc677ae27b9d2c8072bdc4,1450000,990000,38,eb467d494cb3bd88b8e44f71254c60c9.jpg,50,
H-9113,Domba - Trắng/Bạc,Domba - Trang/Bac,62bc677ae27b9d2c8072bdc4,1450000,990000,39,eb467d494cb3bd88b8e44f71254c60c9.jpg,50,
H-9113,Domba - Trắng/Bạc,Domba - Trang/Bac,62bc677ae27b9d2c8072bdc4,1450000,990000,43,eb467d494cb3bd88b8e44f71254c60c9.jpg,50,
